{
  "comment": "圍籬區定義, 畸變校正後圖片尺寸 (2160*2160)",
  "fenceDict": {
    "1": {
      "camID": "1",
      "name": "主打商品區 A",
      "data": [
        [945, 1289],
        [1549, 1955]
      ]
    },
    "2": {
      "camID": "2",
      "name": "常態商品區",
      "data": [
        [317, 539],
        [1147, 897]
      ]
    },
    "3": {
      "camID": "2",
      "name": "行為觀察區",
      "data": [
        [960, 539],
        [1460, 1797]
      ]
    },
    "4": {
      "camID": "3_1",
      "name": "主打商品區 B",
      "data": [
        [725, 357],
        [1379, 741]
      ]
    },
    "5": {
      "camID": "3_1",
      "name": "結帳區",
      "data": [
        [971, 741],
        [1379, 1265]
      ]
    }
  }
}
