{
  "comment": "畸變校正&仿射變換矩陣路徑",
  "distortionCorrMapX": "data/calibrate/matrix/distortion/distortion_corr_matix_mapx.npy",
  "distortionCorrMapY": "data/calibrate/matrix/distortion/distortion_corr_matix_mapy.npy",
  "affineMatrixPathDict": {
    "1": "data/calibrate/matrix/affine/cam1_affine_matrix.npy",
    "2": "data/calibrate/matrix/affine/cam2_affine_matrix.npy",
    "3_1": "data/calibrate/matrix/affine/cam3_1_affine_matrix.npy",
    "3_2": "data/calibrate/matrix/affine/cam3_2_affine_matrix.npy"
  }
}
