{
  "comment": "出入口人流計算區, 畸變校正後圖片尺寸 (2160*2160), showroom是單出入口, 所以exit範圍隨便設定",
  "entry": {
    "camID": "1",
    "area": [
      [1095, 863],
      [1675, 1565]
    ],
    "lines": [
      [[1407, 1031], [1407, 1565], -1],
      [[1407, 1031], [1675, 1031], 1]
    ]
  },
  "exit": {
    "camID": "2",
    "area": [
      [1295, 1013],
      [1575, 1465]
    ],
    "lines": [
      [[1407, 1031], [1407, 1465], 1],
      [[1407, 1031], [1575, 1031], -1]
    ]
  },
  "maxSize": 999
}
