{
  "comment": "出入口人流計算區, 畸變校正後圖片尺寸 (2160*2160)",
  "entry": {
    "camID": "1",
    "area": [
      [870, 997],
      [1784, 1648]
    ],
    "lines": [
      [[1187, 1217], [1187, 1648], -1],
      [[1187, 1217], [1387, 1217], 1]
    ],
    "_backup": [
      [[1257, 1217], [1257, 1648], -1],
      [[1257, 1217], [1387, 1217], 1]
    ]
  },
  "exit": {
    "camID": "4",
    "area": [
      [1148, 836],
      [1996, 1383]
    ],
    "lines": [
      [[1402, 1016], [1402, 1233], 1],
      [[1402, 1016], [1996, 1016], -1],
      [[1402, 1233], [1996, 1233], 1]
    ]
  },
  "maxSize": 999
}
