{
  "aiComputer": {
    "_comment": "AI 電腦與負責的攝影機列表",
    "1": { "aiId": 1, "cam": [1, 2] },
    "_dev": { "aiId": 1, "cam": [1, 2, 3] }
  },

  "cam": {
    "_comment": "攝影機列表",
    "1": {
      "camId": 1,
      "camSpec": "D063TR",
      "url": "D:/Users/YjChou/Smart Retail/rapid_data/videos/showroom/4/20240220163603_cam1_align.mp4",
      "loc": [1, 1],
      "_description": ""
    },
    "2": {
      "camId": 2,
      "camSpec": "ACTi_B511A",
      "url": "D:/Users/YjChou/Smart Retail/rapid_data/videos/showroom/4/20240220163603_cam2_align.mp4",
      "loc": [1, 2],
      "_description": ""
    },
    "3": {
      "camId": 3,
      "camSpec": "D063TR",
      "url": "D:/Users/YjChou/Smart Retail/rapid_data/videos/showroom/4/20240220163603_cam1_align.mp4",
      "loc": [2, 1],
      "_description": ""
    }
  }
}
