{
  "comment": "Layout 圖片尺寸 (1044*822)",
  "layoutImgPath": "data/images/layout-blank-new.png",
  "layoutRegionList": [
    {
      "camId": "1",
      "data": [
        [810, 122],
        [1006, 557]
      ]
    },
    {
      "camId": "2",
      "data": [
        [47, 57],
        [799, 391]
      ]
    },
    {
      "camId": "3_1",
      "data": [
        [47, 391],
        [808, 567]
      ]
    },
    {
      "camId": "3_2",
      "data": [
        [47, 567],
        [1007, 816]
      ]
    }
  ]
}
