{
  "__comment": "圍籬區定義, 基於畸變校正後的圖片尺寸 (2160*2160)",
  "__fenceDictSample": {
    "1": {
      "fenceId": 1,
      "fenceName": "站點_1",
      "__comment": "支援多區域, 多攝影機",
      "dataList": [
        {
          "camId": 1,
          "__comment": "矩形",
          "data": ["int(x1)", "int(y1)", "int(x2)", "int(y2)"]
        },
        {
          "camId": 2,
          "__comment": "多邊形",
          "data": [
            "int(x1)",
            "int(y1)",
            "int(x2)",
            "int(y2)",
            "int(x3)",
            "int(y3)"
          ]
        }
      ]
    }
  },
  "fenceDict": {
    "1": {
      "fenceId": 1,
      "fenceName": "跨攝影機站點示範區",
      "dataList": [
        {
          "camId": 1,
          "data": [
            [219, 913],
            [1593, 1435]
          ]
        },
        {
          "camId": 3,
          "data": [
            [219, 913],
            [1593, 1435]
          ]
        }
      ]
    },
    "2": {
      "fenceId": 2,
      "fenceName": "多邊形站點示範區",
      "dataList": [
        {
          "camId": 2,
          "data": [
            [656, 1245],
            [1007, 654],
            [1472, 808],
            [1089, 1517]
          ]
        }
      ]
    }
  }
}
