{
  "_comment": "魚眼座標投射至平面圖, 基於畸變校正後的圖片尺寸 (2160*2160)",
  "layout": {
    "imgPath": "crowd_analysis/data/Showroom/images/showroom_layout.png",
    "_blockDictSample": {
      "1": {
        "blockId": 1,
        "camId": 1,
        "matrixPath": "",
        "region": [
          ["int(x1)", "int(y1)"],
          ["int(x2)", "int(y2)"]
        ],
        "affineTrans": {
          "src_1": ["int(x)", "int(y)"],
          "dist_1": ["int(x)", "int(y)"],
          "src_2": ["int(x)", "int(y)"],
          "dist_2": ["int(x)", "int(y)"],
          "src_3": ["int(x)", "int(y)"],
          "dist_3": ["int(x)", "int(y)"],
          "_comment": "src: 魚眼參考點座標, dist: 平面圖參考座標"
        }
      }
    },
    "blockDict": {
      "1": {
        "blockId": 1,
        "camId": 1,
        "matrixPath": "crowd_analysis/data/Showroom/matrix/affine/block1_affine_matrix.npy",
        "region": [
          [209, 18],
          [833, 804]
        ],
        "affineTrans": {
          "src_1": [335, 350],
          "dist_1": [624, 18],
          "src_2": [1650, 350],
          "dist_2": [624, 804],
          "src_3": [1650, 1460],
          "dist_3": [0, 804],
          "_comment": "region: 平面圖上的區塊範圍, src: 魚眼參考點座標, dist: 平面圖參考點座標"
        }
      }
    }
  }
}
