{
  "comment": "易誤判背景遮罩, 魚眼圖片尺寸 [2160*2160]",
  "maskList": [
    {
      "camId": 1,
      "data": [
        [
          [1251, 397],
          [1600, 433],
          [1600, 751],
          [1251, 751]
        ],
        [
          [331, 420],
          [786, 271],
          [786, 823],
          [331, 823]
        ],
        [
          [1081, 321],
          [1691, 321],
          [1691, 1529],
          [1081, 1529]
        ]
      ]
    },
    {
      "camId": 2,
      "data": [
        [
          [2435, 1009],
          [2633, 1253],
          [2273, 2297],
          [2009, 2057]
        ],
        [
          [1837, 407],
          [2351, 671],
          [2209, 907],
          [1739, 629]
        ]
      ]
    },
    {
      "camId": 3,
      "data": [
        [
          [1251, 397],
          [1600, 433],
          [1600, 751],
          [1251, 751]
        ],
        [
          [331, 420],
          [786, 271],
          [786, 823],
          [331, 823]
        ],
        [
          [237, 271],
          [817, 271],
          [817, 1527],
          [237, 1527]
        ],
        [
          [817, 271],
          [1600, 271],
          [1600, 751],
          [817, 751]
        ]
      ]
    }
  ]
}
