{
  "_comment": "人流計算區域與計數線設定, 基於畸變校正後圖片尺寸 (2160*2160)",
  "mainVenue": 1,
  "venue": {
    "1": {
      "venueId": "1",
      "venueName": "Showroom",
      "stayTime": 0
    }
  },
  "data": {
    "1": {
      "cntLineId": 1,
      "_cntLineName": "Showroom 入口",
      "venueId": 1,
      "camId": 1,
      "area": [
        [1000, 700],
        [1843, 1511]
      ],
      "lines": [
        [[1347, 1023], [1347, 1511], -1],
        [[1347, 1023], [1843, 1023], 1]
      ]
    }
  }
}
