﻿FAB,STAGE,工號,EMP_TYPE,JOB_ID,部門,姓名,刷餐廠區,用餐時間,商店,餐點,卡路里,卡路里等級,餐點類別
OA_CENTRAL,ALL,0604390,一般員工,DL        ,ML5CP2,蔡奇謀,TC2,2023-08-09 10:05:32.000000,甜上心,蔥抓餅- 2片,0.0,綠,麵包
OA_CENTRAL,ALL,1206075,一般員工,DL        ,EP01B3,袁凱彤,TC2,2023-08-09 10:17:28.000000,甜上心,蘿蔔糕＋水餃＋蛋炒泡麵,0.0,綠,麵包
OA_CENTRAL,ALL,0408268,一般員工,DL        ,ML7BL1,楊麗玉,TC2,2023-08-09 10:28:52.000000,甜上心,蔥抓餅- 2片,0.0,綠,麵包
OA_CENTRAL,ALL,0505160,一般員工,DL        ,ML5CB1,蘇柏勳,TC2,2023-08-09 10:29:21.000000,甜上心,希望水果盒,0.0,綠,其他
OA_CENTRAL,ALL,2206075,外籍員工,DL        ,ML7BL1,克雷茲,TC2,2023-08-09 10:44:50.000000,甜上心,黃金雞塊- 2塊,0.0,綠,麵包
OA_CENTRAL,ALL,1708162,外籍員工,DL        ,ML7BL1,米拉杜,TC2,2023-08-09 11:05:39.000000,甜上心,裸賣水果,0.0,綠,其他
OA_CENTRAL,ALL,0506638,一般員工,DL        ,ML7BI3,黃佩茹,TC2,2023-08-09 11:16:33.000000,甜上心,希望水果盒,0.0,綠,其他
OA_CENTRAL,ALL,0211062,一般員工,IDL       ,MEFAD1,周志偉,TC2,2023-08-09 11:19:55.000000,甜上心,地瓜牛奶 500ml,0.0,綠,其他
OA_CENTRAL,ALL,1608112,一般員工,DL        ,MAMAB1,高敏軒,TC2,2023-08-09 11:39:25.000000,甜上心,希望水果盒,0.0,綠,其他
OA_CENTRAL,ALL,1504588,外籍員工,DL        ,ML8AM2,盧藍,TC2,2023-08-09 11:41:57.000000,甜上心,◆黃金雞塊綜合炸物菲醬飯,0.0,綠,麵包
OA_CENTRAL,ALL,0808098,一般員工,IDL       ,ML7AT3,游松澤,TC2,2023-08-09 11:43:11.000000,甜上心,地瓜牛奶  700ml,0.0,綠,其他
OA_CENTRAL,ALL,1406119,外籍員工,DL        ,ML7AM2,羅森多,TC2,2023-08-09 11:45:35.000000,甜上心,黃金雞塊- 2塊,0.0,綠,麵包
OA_CENTRAL,ALL,1508070,外籍員工,DL        ,ML5CE1,黑克特,TC2,2023-08-09 11:45:47.000000,甜上心,雞腿肉綜合炸物菲醬飯,0.0,綠,麵包
OA_CENTRAL,ALL,1205534,一般員工,IDL       ,MMF0B1,林啟民,TC2,2023-08-09 11:46:56.000000,甜上心,希望水果盒,0.0,綠,其他
OA_CENTRAL,ALL,1004368,一般員工,IDL       ,ML7BN1,鄭淵仁,TC2,2023-08-09 11:54:32.000000,甜上心,無骨鹽酥雞- 180g,0.0,綠,麵包
OA_CENTRAL,ALL,1004368,一般員工,IDL       ,ML7BN1,鄭淵仁,TC2,2023-08-09 11:54:32.000000,甜上心,應稅,0.0,綠,其他
OA_CENTRAL,ALL,2202150,一般員工,IDL       ,ML7AI1,許耘瑄,TC2,2023-08-09 12:04:13.000000,甜上心,火龍果汁  700ml,0.0,綠,其他
OA_CENTRAL,ALL,0404439,一般員工,IDL       ,ML7AN1,楊順文,TC2,2023-08-09 12:07:41.000000,甜上心,甜不辣- 200g,0.0,綠,麵包
OA_CENTRAL,ALL,2108304,一般員工,IDL       ,MAMCA1,陳奕曉,TC2,2023-08-09 12:07:55.000000,甜上心,鳳梨芒果汁500ml,0.0,綠,其他
OA_CENTRAL,ALL,2008025,一般員工,IDL       ,MAMCA1,辛政達,TC2,2023-08-09 12:08:46.000000,甜上心,芒果牛奶500ml,0.0,綠,其他
OA_CENTRAL,ALL,1806274,外籍員工,DL        ,ML5CE2,橋溫,TC2,2023-08-09 12:09:26.000000,甜上心,地瓜牛奶  700ml,0.0,綠,其他
OA_CENTRAL,ALL,1402323,一般員工,DL        ,ML7AL2,梁瓊文,TC2,2023-08-09 12:09:42.000000,甜上心,無骨鹽酥雞- 180g,0.0,綠,麵包
OA_CENTRAL,ALL,2305005,外籍員工,IDL       ,AESHS2,黎文發,TC2,2023-08-09 12:11:27.000000,甜上心,希望水果盒,0.0,綠,其他
OA_CENTRAL,ALL,1105165,一般員工,IDL       ,ML7AN1,劉侑勳,TC2,2023-08-09 12:13:23.000000,甜上心,無骨鹽酥雞- 180g,0.0,綠,麵包
OA_CENTRAL,ALL,0407352,一般員工,DL        ,ML7AM2,張莉敏,TC2,2023-08-09 12:14:16.000000,甜上心,水餃- 14顆,0.0,綠,麵包
OA_CENTRAL,ALL,2108255,一般員工,IDL       ,MQADC1,林幸宜,TC2,2023-08-09 12:14:46.000000,甜上心,希望水果盒,0.0,綠,其他
OA_CENTRAL,ALL,1810050,一般員工,IDL       ,MAMCC1,鍾世恩,TC2,2023-08-09 12:18:02.000000,甜上心,水餃- 14顆,0.0,綠,麵包
OA_CENTRAL,ALL,2307188,一般員工,IDL       ,ML7AN2,黃聖勛,TC2,2023-08-09 12:19:04.000000,甜上心,希望水果盒,0.0,綠,其他
OA_CENTRAL,ALL,0803284,一般員工,IDL       ,AESHS0,陳俊宏,TC2,2023-08-09 12:20:42.000000,甜上心,希望水果盒,0.0,綠,其他
OA_CENTRAL,ALL,2008022,一般員工,IDL       ,ML8AA2,魏子裕,TC2,2023-08-09 12:26:19.000000,甜上心,裸賣水果,0.0,綠,其他
OA_CENTRAL,ALL,1510035,外籍員工,DL        ,ML5CM2,柔西兒,TC2,2023-08-09 12:27:34.000000,甜上心,芒果牛奶500ml,0.0,綠,其他
OA_CENTRAL,ALL,0308595,一般員工,DL        ,ML5AC2,鄭亞榕,TC2,2023-08-09 12:28:13.000000,甜上心,◆黃金雞塊綜合炸物菲醬飯,0.0,綠,麵包
OA_CENTRAL,ALL,2104020,外籍員工,DL        ,ML5CM1,安達尼,TC2,2023-08-09 12:35:08.000000,甜上心,◆黃金雞塊綜合炸物菲醬飯,0.0,綠,麵包
OA_CENTRAL,ALL,1509132,外籍員工,DL        ,ML7BM2,賀南,TC2,2023-08-09 12:39:23.000000,甜上心,地瓜牛奶 500ml,0.0,綠,其他
OA_CENTRAL,ALL,1806161,外籍員工,DL        ,ML7BM2,杰馬克,TC2,2023-08-09 12:41:51.000000,甜上心,雞腿肉綜合炸物菲醬飯,0.0,綠,麵包
OA_CENTRAL,ALL,0508314,一般員工,IDL       ,ML7AI4,黃洽士,TC2,2023-08-09 12:43:02.000000,甜上心,希望水果盒,0.0,綠,其他
OA_CENTRAL,ALL,1210109,一般員工,DL        ,ML5CN1,林青慧,TC2,2023-08-09 12:46:17.000000,甜上心,裸賣水果,0.0,綠,其他
OA_CENTRAL,ALL,1010039,一般員工,DL        ,ML7BH2,江明燦,TC2,2023-08-09 12:52:49.000000,甜上心,希望水果盒,0.0,綠,其他
OA_CENTRAL,ALL,1411172,外籍員工,DL        ,ML5CL2,瑪麗安,TC2,2023-08-09 12:54:18.000000,甜上心,希望水果盒,0.0,綠,其他
OA_CENTRAL,ALL,1102050,一般員工,DL        ,ML7AI1,蘇薏親,TC2,2023-08-09 12:58:29.000000,甜上心,無骨鹽酥雞＋薯條炒泡麵,0.0,綠,麵包
OA_CENTRAL,ALL,0610261,一般員工,IDL       ,ML5CC2,陳壯履,TC2,2023-08-09 13:22:19.000000,甜上心,鳳梨芒果汁500ml,0.0,綠,其他
OA_CENTRAL,ALL,1403197,一般員工,DL        ,ML7BN1,郜茵茵,TC2,2023-08-09 13:28:28.000000,甜上心,希望水果盒,0.0,綠,其他
OA_CENTRAL,ALL,0507779,一般員工,IDL       ,ML7AL2,洪榮良,TC2,2023-08-09 13:49:34.000000,甜上心,希望水果盒,0.0,綠,其他
OA_CENTRAL,ALL,2101069,一般員工,IDL       ,ML5CT2,陳友晟,TC2,2023-08-09 14:38:53.000000,甜上心,希望水果盒,0.0,綠,其他
OA_CENTRAL,ALL,0911097,一般員工,IDL       ,ML7BB2,李晉墀,TC2,2023-08-09 14:43:59.000000,甜上心,雞腿肉綜合炸物菲醬飯,0.0,綠,麵包
OA_CENTRAL,ALL,1008499,一般員工,IDL       ,ML7BB2,許臣翔,TC2,2023-08-09 14:44:21.000000,甜上心,蔥抓餅- 2片,0.0,綠,麵包
OA_CENTRAL,ALL,0805026,一般員工,IDL       ,MEFAD1,鄭新民,TC2,2023-08-09 15:00:41.000000,甜上心,無骨鹽酥雞- 180g,0.0,綠,麵包
OA_CENTRAL,ALL,0805026,一般員工,IDL       ,MEFAD1,鄭新民,TC2,2023-08-09 15:00:41.000000,甜上心,甜不辣- 200g,0.0,綠,麵包
OA_CENTRAL,ALL,0805026,一般員工,IDL       ,MEFAD1,鄭新民,TC2,2023-08-09 15:00:41.000000,甜上心,百頁豆腐- 155g,0.0,綠,麵包
OA_CENTRAL,ALL,1402084,一般員工,DL        ,EP01B3,劉議允,TC2,2023-08-09 15:06:59.000000,甜上心,薯條- 200g,0.0,綠,麵包
OA_CENTRAL,ALL,1302450,一般員工,DL        ,EP01B3,羅秀鳳,TC2,2023-08-09 15:08:04.000000,甜上心,蘿蔔糕- 330g,0.0,綠,麵包
OA_CENTRAL,ALL,1011099,一般員工,IDL       ,MEFAD1,吳柏樑,TC2,2023-08-09 15:11:34.000000,甜上心,應稅,0.0,綠,其他
OA_CENTRAL,ALL,2204235,外籍員工,DL        ,ML7BL1,瑞秋,TC2,2023-08-09 15:11:45.000000,甜上心,薯條- 200g,0.0,綠,麵包
OA_CENTRAL,ALL,0511146,一般員工,DL        ,EP01B3,姚嘉玲,TC2,2023-08-09 15:12:38.000000,甜上心,雞腿肉綜合炸物菲醬飯,0.0,綠,麵包
OA_CENTRAL,ALL,1106008,一般員工,DL        ,EP01B3,陳婉玲,TC2,2023-08-09 15:14:27.000000,甜上心,雞腿肉綜合炸物菲醬飯,0.0,綠,麵包
OA_CENTRAL,ALL,0408268,一般員工,DL        ,ML7BL1,楊麗玉,TC2,2023-08-09 15:16:07.000000,甜上心,蔥抓餅- 2片,0.0,綠,麵包
OA_CENTRAL,ALL,0508309,一般員工,IDL       ,ML7AP1,張永詮,TC2,2023-08-09 15:16:36.000000,甜上心,火龍果汁  700ml,0.0,綠,其他
OA_CENTRAL,ALL,2204008,外籍員工,DL        ,ML7BL1,凡妮莎,TC2,2023-08-09 15:16:45.000000,甜上心,培根蛋法國吐司＋500cc果汁,0.0,綠,麵包
OA_CENTRAL,ALL,1208113,一般員工,DL        ,ML5CL1,顏瑞鋒,TC2,2023-08-09 15:18:11.000000,甜上心,希望水果盒,0.0,綠,其他
OA_CENTRAL,ALL,1703309,外籍員工,DL        ,ML7BL1,伊羅,TC2,2023-08-09 15:20:24.000000,甜上心,無骨鹽酥雞- 180g,0.0,綠,麵包
OA_CENTRAL,ALL,1005014,一般員工,DL        ,ML8AP1,楊忠豪,TC2,2023-08-09 15:20:34.000000,甜上心,雞腿肉綜合炸物菲醬飯,0.0,綠,麵包
OA_CENTRAL,ALL,2109053,外籍員工,IDL       ,MAMCC3,李長慶,TC2,2023-08-09 15:21:08.000000,甜上心,希望水果盒,0.0,綠,其他
OA_CENTRAL,ALL,1305094,一般員工,DL        ,ML7AL2,邱宥銓,TC2,2023-08-09 15:22:59.000000,甜上心,希望水果盒,0.0,綠,其他
OA_CENTRAL,ALL,1509128,外籍員工,DL        ,ML7BL1,傑若米,TC2,2023-08-09 15:27:55.000000,甜上心,黃金雞塊- 2塊,0.0,綠,麵包
OA_CENTRAL,ALL,1101011,一般員工,DL        ,MAMAB1,蔡益源,TC2,2023-08-09 15:37:03.000000,甜上心,希望水果盒,0.0,綠,其他
OA_CENTRAL,ALL,0332255,一般員工,DL        ,MAMAB1,莊荏翔,TC2,2023-08-09 15:37:22.000000,甜上心,希望水果盒,0.0,綠,其他
OA_CENTRAL,ALL,1608112,一般員工,DL        ,MAMAB1,高敏軒,TC2,2023-08-09 15:37:32.000000,甜上心,鳳梨芒果汁500ml,0.0,綠,其他
OA_CENTRAL,ALL,1203422,一般員工,DL        ,MAMAB1,楊尚勳,TC2,2023-08-09 15:37:48.000000,甜上心,鳳梨芒果汁500ml,0.0,綠,其他
OA_CENTRAL,ALL,2204165,外籍員工,DL        ,ML7BL1,凱莎,TC2,2023-08-09 15:39:23.000000,甜上心,地瓜牛奶 500ml,0.0,綠,其他
OA_CENTRAL,ALL,0710016,一般員工,DL        ,MAMAB1,謝朝勝,TC2,2023-08-09 15:39:47.000000,甜上心,裸賣水果,0.0,綠,其他
OA_CENTRAL,ALL,0707603,一般員工,DL        ,ML7BL1,何思蓉,TC2,2023-08-09 15:40:19.000000,甜上心,希望水果盒,0.0,綠,其他
OA_CENTRAL,ALL,1806057,外籍員工,DL        ,ML5CL2,艾施,TC2,2023-08-09 15:41:52.000000,甜上心,地瓜條- 250g,0.0,綠,麵包
OA_CENTRAL,ALL,2106249,一般員工,IDL       ,MAMCC3,廖俊豪,TC2,2023-08-09 15:45:37.000000,甜上心,希望水果盒,0.0,綠,其他
OA_CENTRAL,ALL,1805193,外籍員工,DL        ,ML7BL1,麥堤尼,TC2,2023-08-09 15:46:12.000000,甜上心,希望水果盒,0.0,綠,其他
OA_CENTRAL,ALL,1805187,外籍員工,DL        ,ML7BL1,羅德倫,TC2,2023-08-09 15:46:36.000000,甜上心,希望水果盒,0.0,綠,其他
OA_CENTRAL,ALL,1107647,一般員工,DL        ,ML7BL1,鄭辰宇,TC2,2023-08-09 15:48:34.000000,甜上心,地瓜條- 250g,0.0,綠,麵包
OA_CENTRAL,ALL,2205151,外籍員工,DL        ,ML7AL2,羅里戈,TC2,2023-08-09 15:49:23.000000,甜上心,薯條- 200g,0.0,綠,麵包
OA_CENTRAL,ALL,2206074,外籍員工,DL        ,ML7BL1,弗雷吉,TC2,2023-08-09 15:53:32.000000,甜上心,地瓜牛奶 500ml,0.0,綠,其他
OA_CENTRAL,ALL,1409344,一般員工,IDL       ,MEFAE2,張錦浩,TC2,2023-08-09 16:00:17.000000,甜上心,應稅,0.0,綠,其他
OA_CENTRAL,ALL,1409344,一般員工,IDL       ,MEFAE2,張錦浩,TC2,2023-08-09 16:00:17.000000,甜上心,薯條- 200g,0.0,綠,麵包
OA_CENTRAL,ALL,0605065,一般員工,DL        ,ML5CL2,張秭琁,TC2,2023-08-09 16:01:28.000000,甜上心,裸賣水果,0.0,綠,其他
OA_CENTRAL,ALL,0507779,一般員工,IDL       ,ML7AL2,洪榮良,TC2,2023-08-09 16:05:11.000000,甜上心,希望水果盒,0.0,綠,其他
OA_CENTRAL,ALL,1410214,外籍員工,DL        ,ML7BL1,雪麗,TC2,2023-08-09 16:07:52.000000,甜上心,希望水果盒,0.0,綠,其他
OA_CENTRAL,ALL,2204276,一般員工,IDL       ,ML7BP1,王柏凱,TC2,2023-08-09 16:09:31.000000,甜上心,蔥抓餅- 2片,0.0,綠,麵包
OA_CENTRAL,ALL,1510037,外籍員工,DL        ,ML5CB1,久穩,TC2,2023-08-09 16:10:45.000000,甜上心,地瓜牛奶 500ml,0.0,綠,其他
OA_CENTRAL,ALL,2107166,一般員工,DL        ,ML8AP1,陳冠樺,TC2,2023-08-09 16:13:37.000000,甜上心,薯條- 200g,0.0,綠,麵包
OA_CENTRAL,ALL,0610297,一般員工,DL        ,ML7AM2,陳虹池,TC2,2023-08-09 16:15:14.000000,甜上心,地瓜牛奶 500ml,0.0,綠,其他
OA_CENTRAL,ALL,0421101,一般員工,IDL       ,ML7AA1,劉豈端,TC2,2023-08-09 16:16:52.000000,甜上心,甜不辣- 200g,0.0,綠,麵包
OA_CENTRAL,ALL,0421101,一般員工,IDL       ,ML7AA1,劉豈端,TC2,2023-08-09 16:16:52.000000,甜上心,花枝丸- 6顆,0.0,綠,麵包
OA_CENTRAL,ALL,0801025,一般員工,IDL       ,ML7AA1,蔡育都,TC2,2023-08-09 16:17:00.000000,甜上心,甜不辣- 200g,0.0,綠,麵包
OA_CENTRAL,ALL,0421101,一般員工,IDL       ,ML7AA1,劉豈端,TC2,2023-08-09 16:18:13.000000,甜上心,花枝丸- 6顆,0.0,綠,麵包
OA_CENTRAL,ALL,0808069,一般員工,IDL       ,MDF0B1,李宗鍵,TC2,2023-08-09 16:18:19.000000,甜上心,地瓜牛奶 500ml,0.0,綠,其他
OA_CENTRAL,ALL,1309420,一般員工,DL        ,EP01B3,黃寅埈,TC2,2023-08-09 16:18:31.000000,甜上心,麥克雞塊- 8個,0.0,綠,麵包
OA_CENTRAL,ALL,2206070,外籍員工,DL        ,ML7BL1,貝利,TC2,2023-08-09 16:23:49.000000,甜上心,裸賣水果,0.0,綠,其他
OA_CENTRAL,ALL,1203424,一般員工,DL        ,ML7AM3,簡忠興,TC2,2023-08-09 16:29:34.000000,甜上心,雞腿肉綜合炸物菲醬飯,0.0,綠,麵包
OA_CENTRAL,ALL,0421287,一般員工,DL        ,ML7BL1,沈秀梅,TC2,2023-08-09 16:30:16.000000,甜上心,麥克雞塊- 8個,0.0,綠,麵包
OA_CENTRAL,ALL,1106005,一般員工,DL        ,ML5CL2,徐梓桓,TC2,2023-08-09 16:34:03.000000,甜上心,希望水果盒,0.0,綠,其他
OA_CENTRAL,ALL,0506638,一般員工,DL        ,ML7BI3,黃佩茹,TC2,2023-08-09 16:44:10.000000,甜上心,希望水果盒,0.0,綠,其他
OA_CENTRAL,ALL,1711114,外籍員工,DL        ,ML7AL2,菲娣瑪,TC2,2023-08-09 16:45:17.000000,甜上心,希望水果盒,0.0,綠,其他
OA_CENTRAL,ALL,1604129,外籍員工,DL        ,ML7AL2,雷吉,TC2,2023-08-09 16:45:34.000000,甜上心,無骨鹽酥雞- 180g,0.0,綠,麵包
OA_CENTRAL,ALL,1604129,外籍員工,DL        ,ML7AL2,雷吉,TC2,2023-08-09 16:45:43.000000,甜上心,應稅,0.0,綠,其他
OA_CENTRAL,ALL,1410096,一般員工,DL        ,ML7BL1,陳佩君,TC2,2023-08-09 16:47:42.000000,甜上心,薯條- 200g,0.0,綠,麵包
OA_CENTRAL,ALL,0503120,一般員工,DL        ,ML7AL2,林洲裕,TC2,2023-08-09 16:49:14.000000,甜上心,花枝丸- 6顆,0.0,綠,麵包
OA_CENTRAL,ALL,1504218,一般員工,IDL       ,ML7AH1,許佑成,TC2,2023-08-09 16:49:43.000000,甜上心,希望水果盒,0.0,綠,其他
OA_CENTRAL,ALL,1709177,外籍員工,DL        ,ML8AM2,里司伯,TC2,2023-08-09 16:50:42.000000,甜上心,雞腿肉綜合炸物菲醬飯,0.0,綠,麵包
OA_CENTRAL,ALL,1801038,外籍員工,DL        ,ML8AM2,米南,TC2,2023-08-09 16:51:56.000000,甜上心,起司蛋法國吐司＋500cc果汁,0.0,綠,麵包
OA_CENTRAL,ALL,0508230,一般員工,DL        ,ML5CL2,吳鉦智,TC2,2023-08-09 16:53:04.000000,甜上心,魷魚甜不辣＋蛋炒泡麵,0.0,綠,麵包
OA_CENTRAL,ALL,2206072,外籍員工,DL        ,ML7BL1,伯洛,TC2,2023-08-09 16:54:55.000000,甜上心,希望水果盒,0.0,綠,其他
OA_CENTRAL,ALL,0528104,一般員工,IDL       ,ML8AP0,朱宗伯,TC2,2023-08-09 16:56:52.000000,甜上心,蘿蔔糕＋水餃＋蛋炒泡麵,0.0,綠,麵包
OA_CENTRAL,ALL,1304480,一般員工,DL        ,ML5CH1,郭崇偉,TC2,2023-08-09 16:57:05.000000,甜上心,希望水果盒,0.0,綠,其他
OA_CENTRAL,ALL,0408417,一般員工,DL        ,ML5CH1,黃裕森,TC2,2023-08-09 16:57:28.000000,甜上心,鳳梨芒果汁500ml,0.0,綠,其他
OA_CENTRAL,ALL,1306521,一般員工,DL        ,ML7AM1,李純儀,TC2,2023-08-09 17:00:24.000000,甜上心,無骨鹽酥雞- 180g,0.0,綠,麵包
OA_CENTRAL,ALL,0709001,一般員工,DL        ,ML5CI1,林姚伶,TC2,2023-08-09 17:01:05.000000,甜上心,裸賣水果,0.0,綠,其他
OA_CENTRAL,ALL,0231207,一般員工,DL        ,ML7AA1,洪嘉均,TC2,2023-08-09 17:02:54.000000,甜上心,希望水果盒,0.0,綠,其他
OA_CENTRAL,ALL,0310449,一般員工,DL        ,ML5CM1,張麗晨,TC2,2023-08-09 17:03:04.000000,甜上心,3種水果三明治+500cc果汁1杯,0.0,綠,麵包
OA_CENTRAL,ALL,2305060,一般員工,IDL       ,ML7AI4,林信宇,TC2,2023-08-09 17:05:08.000000,甜上心,希望水果盒,0.0,綠,其他
OA_CENTRAL,ALL,0508357,一般員工,DL        ,ML5C01,趙文靖,TC2,2023-08-09 17:05:18.000000,甜上心,甜不辣- 200g,0.0,綠,麵包
OA_CENTRAL,ALL,0422136,一般員工,DL        ,ML7BM3,呂筱芸,TC2,2023-08-09 17:05:24.000000,甜上心,希望水果盒,0.0,綠,其他
OA_CENTRAL,ALL,0709332,一般員工,DL        ,ML7AN2,伍孝正,TC2,2023-08-09 17:05:34.000000,甜上心,希望水果盒,0.0,綠,其他
OA_CENTRAL,ALL,2211029,一般員工,DL        ,ML8AM3,楊博凱,TC2,2023-08-09 17:10:18.000000,甜上心,希望水果盒,0.0,綠,其他
OA_CENTRAL,ALL,1707410,一般員工,DL        ,ML7BB2,林崇勳,TC2,2023-08-09 17:15:10.000000,甜上心,無骨鹽酥雞- 180g,0.0,綠,麵包
OA_CENTRAL,ALL,0211062,一般員工,IDL       ,MEFAD1,周志偉,TC2,2023-08-09 17:15:20.000000,甜上心,地瓜牛奶 500ml,0.0,綠,其他
OA_CENTRAL,ALL,0408008,一般員工,IDL       ,MEFAD4,蔡昇哲,TC2,2023-08-09 17:19:49.000000,甜上心,花枝丸- 6顆,0.0,綠,麵包
OA_CENTRAL,ALL,2308025,外籍員工,DL        ,ML7AL1,諾里,TC2,2023-08-09 17:23:13.000000,甜上心,無骨鹽酥雞＋薯條炒泡麵,0.0,綠,麵包
OA_CENTRAL,ALL,2308021,外籍員工,DL        ,ML7AL1,喬伊,TC2,2023-08-09 17:23:23.000000,甜上心,無骨鹽酥雞＋薯條炒泡麵,0.0,綠,麵包
OA_CENTRAL,ALL,2308025,外籍員工,DL        ,ML7AL1,諾里,TC2,2023-08-09 17:26:07.000000,甜上心,地瓜牛奶 500ml,0.0,綠,其他
OA_CENTRAL,ALL,0504047,一般員工,DL        ,ML5CL1,林佳筠,TC2,2023-08-09 17:27:24.000000,甜上心,甜不辣- 200g,0.0,綠,麵包
OA_CENTRAL,ALL,1304168,一般員工,DL        ,ML7BL1,張登富,TC2,2023-08-09 17:28:38.000000,甜上心,希望水果盒,0.0,綠,其他
OA_CENTRAL,ALL,0509336,一般員工,DL        ,ML5CM2,施志潔,TC2,2023-08-09 17:29:33.000000,甜上心,百頁豆腐- 155g,0.0,綠,麵包
OA_CENTRAL,ALL,1406289,一般員工,DL        ,ML7AN1,曾德翰,TC2,2023-08-09 17:30:19.000000,甜上心,希望水果盒,0.0,綠,其他
OA_CENTRAL,ALL,2111127,一般員工,IDL       ,AHRTV1,劉鎰佩,TC2,2023-08-09 17:34:23.000000,甜上心,希望水果盒,0.0,綠,其他
OA_CENTRAL,ALL,1103523,一般員工,DL        ,ML5CL2,李涵羚,TC2,2023-08-09 17:35:05.000000,甜上心,甜不辣- 200g,0.0,綠,麵包
OA_CENTRAL,ALL,1703036,一般員工,DL        ,ML7AE1,施乃云,TC2,2023-08-09 17:35:38.000000,甜上心,甜不辣- 200g,0.0,綠,麵包
OA_CENTRAL,ALL,0210459,一般員工,DL        ,ML7AI1,張雅雯,TC2,2023-08-09 17:35:46.000000,甜上心,無骨鹽酥雞- 180g,0.0,綠,麵包
OA_CENTRAL,ALL,2307009,實習生,IDL       ,ML5C01,湯琦恩,TC2,2023-08-09 17:36:58.000000,甜上心,薯條- 200g,0.0,綠,麵包
OA_CENTRAL,ALL,2306072,一般員工,IDL       ,ML7AC2,賴寶智,TC2,2023-08-09 17:39:00.000000,甜上心,豬肉蛋法國吐司＋500cc果汁,0.0,綠,麵包
OA_CENTRAL,ALL,2306030,一般員工,DL        ,ML7AP1,陳冠宇,TC2,2023-08-09 17:40:13.000000,甜上心,芒果牛奶500ml,0.0,綠,其他
OA_CENTRAL,ALL,0605414,一般員工,DL        ,ML5CC1,李宜蓉,TC2,2023-08-09 17:44:55.000000,甜上心,甜不辣- 200g,0.0,綠,麵包
OA_CENTRAL,ALL,0506111,一般員工,IDL       ,ML8AT1,陳宏源,TC2,2023-08-09 17:45:59.000000,甜上心,應稅,0.0,綠,其他
OA_CENTRAL,ALL,0308512,一般員工,IDL       ,ML7AA1,顏玉芬,TC2,2023-08-09 17:46:28.000000,甜上心,芒果牛奶500ml,0.0,綠,其他
OA_CENTRAL,ALL,0306420,一般員工,DL        ,ML5CH2,陳宏源,TC2,2023-08-09 17:51:58.000000,甜上心,無骨鹽酥雞- 180g,0.0,綠,麵包
OA_CENTRAL,ALL,0008257,一般員工,DL        ,ML5CL2,許淑月,TC2,2023-08-09 17:53:33.000000,甜上心,甜不辣- 200g,0.0,綠,麵包
OA_CENTRAL,ALL,1207074,一般員工,DL        ,ML8AM2,林軒印,TC2,2023-08-09 17:54:18.000000,甜上心,無骨鹽酥雞- 180g,0.0,綠,麵包
OA_CENTRAL,ALL,0307426,一般員工,IDL       ,ML5CL0,郭文財,TC2,2023-08-09 17:54:28.000000,甜上心,無骨鹽酥雞＋薯條炒泡麵,0.0,綠,麵包
OA_CENTRAL,ALL,1106257,一般員工,DL        ,MQMDB2,林心怡,TC2,2023-08-09 17:55:58.000000,甜上心,希望水果盒,0.0,綠,其他
OA_CENTRAL,ALL,1705074,一般員工,DL        ,ML7BL2,顏培軒,TC2,2023-08-09 17:58:12.000000,甜上心,黃金雞塊綜合炸物菲醬飯,0.0,綠,麵包
OA_CENTRAL,ALL,0407352,一般員工,DL        ,ML7AM2,張莉敏,TC2,2023-08-09 17:58:41.000000,甜上心,水餃- 14顆,0.0,綠,麵包
OA_CENTRAL,ALL,0511246,一般員工,IDL       ,ML7BN1,王振智,TC2,2023-08-09 18:01:41.000000,甜上心,希望水果盒,0.0,綠,其他
OA_CENTRAL,ALL,0808204,一般員工,IDL       ,MMFGB1,張纊譯,TC2,2023-08-09 18:05:23.000000,甜上心,甜不辣- 200g,0.0,綠,麵包
OA_CENTRAL,ALL,0504508,一般員工,DL        ,ML8AC1,張瓊云,TC2,2023-08-09 18:06:56.000000,甜上心,地瓜條- 250g,0.0,綠,麵包
OA_CENTRAL,ALL,1607243,外籍員工,DL        ,ML7BM1,羅吉,TC2,2023-08-09 18:07:07.000000,甜上心,裸賣水果,0.0,綠,其他
OA_CENTRAL,ALL,1507353,外籍員工,DL        ,ML7BM1,阿瑞,TC2,2023-08-09 18:07:14.000000,甜上心,裸賣水果,0.0,綠,其他
OA_CENTRAL,ALL,1509135,外籍員工,DL        ,ML7BM1,朱利斯,TC2,2023-08-09 18:07:20.000000,甜上心,裸賣水果,0.0,綠,其他
OA_CENTRAL,ALL,1703422,一般員工,DL        ,ML7AM1,謝逸臻,TC2,2023-08-09 18:07:24.000000,甜上心,薯條- 200g,0.0,綠,麵包
OA_CENTRAL,ALL,1408226,外籍員工,DL        ,ML7BM1,丹尼,TC2,2023-08-09 18:07:36.000000,甜上心,希望水果盒,0.0,綠,其他
OA_CENTRAL,ALL,1508090,外籍員工,DL        ,ML7BL1,漢羅,TC2,2023-08-09 18:08:05.000000,甜上心,希望水果盒,0.0,綠,其他
OA_CENTRAL,ALL,1509134,外籍員工,DL        ,ML7BM1,艾爾伯,TC2,2023-08-09 18:08:34.000000,甜上心,裸賣水果,0.0,綠,其他
OA_CENTRAL,ALL,1407142,外籍員工,DL        ,ML7BM1,艾爾非,TC2,2023-08-09 18:08:47.000000,甜上心,地瓜牛奶 500ml,0.0,綠,其他
OA_CENTRAL,ALL,1604131,外籍員工,DL        ,ML7AM2,拉諾夫,TC2,2023-08-09 18:10:06.000000,甜上心,希望水果盒,0.0,綠,其他
OA_CENTRAL,ALL,1504029,外籍員工,DL        ,ML7AM1,麥琳,TC2,2023-08-09 18:10:49.000000,甜上心,百頁豆腐- 155g,0.0,綠,麵包
OA_CENTRAL,ALL,2308040,外籍員工,DL        ,ML7A00,卡咪,TC2,2023-08-09 18:11:00.000000,甜上心,薯條- 200g,0.0,綠,麵包
OA_CENTRAL,ALL,2308040,外籍員工,DL        ,ML7A00,卡咪,TC2,2023-08-09 18:11:10.000000,甜上心,地瓜牛奶 500ml,0.0,綠,其他
OA_CENTRAL,ALL,2308039,外籍員工,DL        ,ML7A00,玫葵,TC2,2023-08-09 18:11:25.000000,甜上心,百頁豆腐- 155g,0.0,綠,麵包
OA_CENTRAL,ALL,1406119,外籍員工,DL        ,ML7AM2,羅森多,TC2,2023-08-09 18:11:34.000000,甜上心,地瓜條- 250g,0.0,綠,麵包
OA_CENTRAL,ALL,2307152,一般員工,IDL       ,MMFGB3,邵建喜,TC2,2023-08-09 18:11:47.000000,甜上心,薯條- 200g,0.0,綠,麵包
OA_CENTRAL,ALL,0801187,一般員工,IDL       ,ML7BH1,陳宏吉,TC2,2023-08-09 18:16:30.000000,甜上心,地瓜條- 250g,0.0,綠,麵包
OA_CENTRAL,ALL,0611113,一般員工,DL        ,AMMBA3,王振隆,TC2,2023-08-09 18:17:30.000000,甜上心,希望水果盒,0.0,綠,其他
OA_CENTRAL,ALL,2202148,一般員工,IDL       ,ML7BN2,林謙鐸,TC2,2023-08-09 18:17:50.000000,甜上心,希望水果盒,0.0,綠,其他
OA_CENTRAL,ALL,0408200,一般員工,IDL       ,ML7AB2,許書銘,TC2,2023-08-09 18:18:20.000000,甜上心,無骨鹽酥雞- 180g,0.0,綠,麵包
OA_CENTRAL,ALL,0507236,一般員工,IDL       ,ML7BV1,張有森,TC2,2023-08-09 18:19:57.000000,甜上心,無骨鹽酥雞- 180g,0.0,綠,麵包
OA_CENTRAL,ALL,2112055,一般員工,IDL       ,ML7BI2,邱奕翔,TC2,2023-08-09 18:21:39.000000,甜上心,起司蛋法國吐司＋500cc果汁,0.0,綠,麵包
OA_CENTRAL,ALL,2308039,外籍員工,DL        ,ML7A00,玫葵,TC2,2023-08-09 18:22:07.000000,甜上心,應稅,0.0,綠,其他
OA_CENTRAL,ALL,1704334,外籍員工,DL        ,ML7BM1,裘那,TC2,2023-08-09 18:28:44.000000,甜上心,地瓜牛奶 500ml,0.0,綠,其他
OA_CENTRAL,ALL,0907386,一般員工,IDL       ,ML7BE0,洪誠彥,TC2,2023-08-09 18:29:27.000000,甜上心,應稅,0.0,綠,其他
OA_CENTRAL,ALL,1106381,一般員工,DL        ,ML8AC3,林信男,TC2,2023-08-09 18:29:54.000000,甜上心,蝦排蛋法國吐司＋500cc果汁,0.0,綠,麵包
OA_CENTRAL,ALL,1401072,一般員工,DL        ,ML7BI2,楊秋香,TC2,2023-08-09 18:30:19.000000,甜上心,無骨鹽酥雞- 180g,0.0,綠,麵包
OA_CENTRAL,ALL,1608301,一般員工,DL        ,ML7BM2,陳威宇,TC2,2023-08-09 18:30:31.000000,甜上心,薯條- 200g,0.0,綠,麵包
OA_CENTRAL,ALL,2308040,外籍員工,DL        ,ML7A00,卡咪,TC2,2023-08-09 18:30:40.000000,甜上心,百頁豆腐- 155g,0.0,綠,麵包
OA_CENTRAL,ALL,0604278,一般員工,IDL       ,ML5CP1,黃國政,TC2,2023-08-09 18:31:21.000000,甜上心,起司蛋法國吐司＋500cc果汁,0.0,綠,麵包
OA_CENTRAL,ALL,0707243,一般員工,DL        ,ML7BM1,許雅嵐,TC2,2023-08-09 18:33:36.000000,甜上心,火龍果汁  700ml,0.0,綠,其他
OA_CENTRAL,ALL,0707386,一般員工,DL        ,ML7BC1,莊家榮,TC2,2023-08-09 18:34:06.000000,甜上心,無骨鹽酥雞- 180g,0.0,綠,麵包
OA_CENTRAL,ALL,2307162,一般員工,DL        ,ML7AN1,孫啟勝,TC2,2023-08-09 18:34:30.000000,甜上心,希望水果盒,0.0,綠,其他
OA_CENTRAL,ALL,1702090,外籍員工,DL        ,ML5CT2,法蘭哥,TC2,2023-08-09 18:37:22.000000,甜上心,地瓜牛奶 500ml,0.0,綠,其他
OA_CENTRAL,ALL,1410212,外籍員工,DL        ,ML8AM2,泰羅尼,TC2,2023-08-09 18:39:04.000000,甜上心,裸賣水果,0.0,綠,其他
OA_CENTRAL,ALL,1704245,外籍員工,DL        ,ML7BM1,狄司特,TC2,2023-08-09 18:41:44.000000,甜上心,◆黃金雞塊綜合炸物菲醬飯,0.0,綠,麵包
OA_CENTRAL,ALL,2104108,外籍員工,DL        ,ML5CL2,迪克森,TC2,2023-08-09 18:42:03.000000,甜上心,希望水果盒,0.0,綠,其他
OA_CENTRAL,ALL,0524369,一般員工,DL        ,ML5CL2,楊佩玲,TC2,2023-08-09 18:42:54.000000,甜上心,應稅,0.0,綠,其他
OA_CENTRAL,ALL,1703323,外籍員工,DL        ,ML7BL1,阿金,TC2,2023-08-09 18:43:54.000000,甜上心,應稅,0.0,綠,其他
OA_CENTRAL,ALL,2106068,一般員工,IDL       ,MAMCC1,楊佩姗,TC2,2023-08-09 18:47:37.000000,甜上心,水餃- 14顆,0.0,綠,麵包
OA_CENTRAL,ALL,1510067,外籍員工,DL        ,ML7AL2,里奇,TC2,2023-08-09 18:48:38.000000,甜上心,甜不辣- 200g,0.0,綠,麵包
OA_CENTRAL,ALL,1710113,外籍員工,DL        ,ML7AL2,西拿,TC2,2023-08-09 18:49:40.000000,甜上心,應稅,0.0,綠,其他
OA_CENTRAL,ALL,0801034,一般員工,DL        ,ML5CC1,李巧韻,TC2,2023-08-09 18:52:08.000000,甜上心,希望水果盒,0.0,綠,其他
OA_CENTRAL,ALL,0408422,一般員工,DL        ,ML7BC1,王政偉,TC2,2023-08-09 18:52:28.000000,甜上心,地瓜條- 250g,0.0,綠,麵包
OA_CENTRAL,ALL,1103316,一般員工,DL        ,ML7BN1,蔡志佳,TC2,2023-08-09 18:52:50.000000,甜上心,花枝丸- 6顆,0.0,綠,麵包
OA_CENTRAL,ALL,1805292,一般員工,DL        ,ML5CM1,郭品嫻,TC2,2023-08-09 18:58:25.000000,甜上心,應稅,0.0,綠,其他
OA_CENTRAL,ALL,1402125,一般員工,DL        ,ML8AB1,涂英傑,TC2,2023-08-09 18:59:19.000000,甜上心,應稅,0.0,綠,其他
OA_CENTRAL,ALL,1807285,外籍員工,DL        ,ML7BL1,弟安,TC2,2023-08-09 18:59:34.000000,甜上心,應稅,0.0,綠,其他
OA_CENTRAL,ALL,1510034,外籍員工,DL        ,ML5CM2,米蘭達,TC2,2023-08-09 19:03:50.000000,甜上心,應稅,0.0,綠,其他
OA_CENTRAL,ALL,0407620,一般員工,DL        ,ML7BC2,賴怡如,TC2,2023-08-09 19:04:58.000000,甜上心,應稅,0.0,綠,其他
OA_CENTRAL,ALL,1507352,外籍員工,DL        ,ML7AM2,波可,TC2,2023-08-09 19:05:40.000000,甜上心,應稅,0.0,綠,其他
OA_CENTRAL,ALL,0525039,一般員工,IDL       ,ML7AE2,張為捷,TC2,2023-08-09 19:05:58.000000,甜上心,應稅,0.0,綠,其他
OA_CENTRAL,ALL,1204056,一般員工,IDL       ,ML7AE2,朱志發,TC2,2023-08-09 19:08:18.000000,甜上心,應稅,0.0,綠,其他
OA_CENTRAL,ALL,1507358,外籍員工,DL        ,ML7BL1,羅吉,TC2,2023-08-09 19:08:59.000000,甜上心,應稅,0.0,綠,其他
OA_CENTRAL,ALL,1409178,外籍員工,DL        ,ML7AL2,伊納,TC2,2023-08-09 19:09:13.000000,甜上心,應稅,0.0,綠,其他
OA_CENTRAL,ALL,1711117,外籍員工,DL        ,ML7BM1,比迪多,TC2,2023-08-09 19:11:46.000000,甜上心,應稅,0.0,綠,其他
OA_CENTRAL,ALL,1803071,外籍員工,DL        ,ML7AL2,爾尼,TC2,2023-08-09 19:12:37.000000,甜上心,應稅,0.0,綠,其他
OA_CENTRAL,ALL,1304093,一般員工,DL        ,ML7BM2,謝瓈嫻,TC2,2023-08-09 19:14:04.000000,甜上心,應稅,0.0,綠,其他
OA_CENTRAL,ALL,1512089,外籍員工,DL        ,ML7BM2,羅那,TC2,2023-08-09 19:14:34.000000,甜上心,應稅,0.0,綠,其他
OA_CENTRAL,ALL,1103249,一般員工,IDL       ,ML5CP2,廖峯輝,TC2,2023-08-09 19:15:29.000000,甜上心,應稅,0.0,綠,其他
OA_CENTRAL,ALL,1303395,一般員工,DL        ,ML5CI1,林冠岑,TC2,2023-08-09 19:17:30.000000,甜上心,應稅,0.0,綠,其他
OA_CENTRAL,ALL,1705242,一般員工,IDL       ,ML7BV2,陳彥成,TC2,2023-08-09 19:19:25.000000,甜上心,應稅,0.0,綠,其他
OA_CENTRAL,ALL,1703325,外籍員工,DL        ,ML7BM1,喬凡尼,TC2,2023-08-09 19:24:35.000000,甜上心,應稅,0.0,綠,其他
OA_CENTRAL,ALL,1510035,外籍員工,DL        ,ML5CM2,柔西兒,TC2,2023-08-09 19:24:49.000000,甜上心,應稅,0.0,綠,其他
OA_CENTRAL,ALL,0402011,一般員工,DL        ,ML7BM1,陳蓓蓉,TC2,2023-08-09 19:33:40.000000,甜上心,應稅,0.0,綠,其他
OA_CENTRAL,ALL,2206113,外籍員工,DL        ,ML7AM2,克比,TC2,2023-08-09 19:33:57.000000,甜上心,應稅,0.0,綠,其他
OA_CENTRAL,ALL,1509132,外籍員工,DL        ,ML7BM2,賀南,TC2,2023-08-09 19:34:13.000000,甜上心,應稅,0.0,綠,其他
OA_CENTRAL,ALL,1705150,外籍員工,DL        ,ML7AM2,拉洛,TC2,2023-08-09 19:35:45.000000,甜上心,應稅,0.0,綠,其他
OA_CENTRAL,ALL,2206075,外籍員工,DL        ,ML7BL1,克雷茲,TC2,2023-08-09 19:39:27.000000,甜上心,應稅,0.0,綠,其他
OA_CENTRAL,ALL,0403553,一般員工,DL        ,ML5CL1,蘇建龍,TC2,2023-08-09 19:40:12.000000,甜上心,應稅,0.0,綠,其他
OA_CENTRAL,ALL,0711231,一般員工,DL        ,ML7AH2,陳清池,TC2,2023-08-09 19:49:20.000000,甜上心,應稅,0.0,綠,其他
OA_CENTRAL,ALL,0503089,一般員工,DL        ,ML7AI1,林子文,TC2,2023-08-09 19:57:17.000000,甜上心,應稅,0.0,綠,其他
OA_CENTRAL,ALL,2206113,外籍員工,DL        ,ML7AM2,克比,TC2,2023-08-09 19:59:44.000000,甜上心,應稅,0.0,綠,其他
OA_CENTRAL,ALL,1211054,一般員工,DL        ,ML5CB2,劉柏宏,TC2,2023-08-09 20:15:22.000000,甜上心,應稅,0.0,綠,其他
OA_CENTRAL,ALL,0406048,一般員工,DL        ,MEFAD3,盧佳材,TC2,2023-08-09 20:15:51.000000,甜上心,應稅,0.0,綠,其他
OA_CENTRAL,ALL,0510552,一般員工,IDL       ,ML5CB1,林高弘,TC2,2023-08-09 20:26:33.000000,甜上心,應稅,0.0,綠,其他
OA_CENTRAL,ALL,2206145,一般員工,DL        ,ML7BN1,陳建銘,TC2,2023-08-09 20:29:49.000000,甜上心,應稅,0.0,綠,其他
OA_CENTRAL,ALL,0602259,一般員工,IDL       ,MAMCB0,林昱成,TC2,2023-08-09 20:50:00.000000,甜上心,應稅,0.0,綠,其他
OA_CENTRAL,ALL,1312128,一般員工,DL        ,ML5CM2,陳靖玟,TC2,2023-08-09 20:54:02.000000,甜上心,應稅,0.0,綠,其他
OA_CENTRAL,ALL,1205772,一般員工,IDL       ,ML5CP2,涂緒昌,TC2,2023-08-09 20:57:04.000000,甜上心,應稅,0.0,綠,其他
OA_CENTRAL,ALL,1302005,一般員工,IDL       ,ML7BN2,張瑞俞,TC2,2023-08-09 20:58:11.000000,甜上心,應稅,0.0,綠,其他
OA_CENTRAL,ALL,1302005,一般員工,IDL       ,ML7BN2,張瑞俞,TC2,2023-08-09 20:58:39.000000,甜上心,應稅,0.0,綠,其他
OA_CENTRAL,ALL,0505160,一般員工,DL        ,ML5CB1,蘇柏勳,TC2,2023-08-09 21:00:04.000000,甜上心,應稅,0.0,綠,其他
OA_CENTRAL,ALL,1309112,一般員工,DL        ,ML7AL1,許耀聰,TC2,2023-08-09 21:00:35.000000,甜上心,應稅,0.0,綠,其他
OA_CENTRAL,ALL,1004125,一般員工,IDL       ,ML7AE0,賴怡伶,TC2,2023-08-09 21:19:18.000000,甜上心,應稅,0.0,綠,其他
OA_CENTRAL,ALL,1004125,一般員工,IDL       ,ML7AE0,賴怡伶,TC2,2023-08-09 21:19:18.000000,甜上心,應稅,0.0,綠,其他
OA_CENTRAL,ALL,1004125,一般員工,IDL       ,ML7AE0,賴怡伶,TC2,2023-08-09 21:19:18.000000,甜上心,應稅,0.0,綠,其他
OA_CENTRAL,ALL,0610071,一般員工,DL        ,ML7BB1,蔡元力,TC2,2023-08-09 21:25:01.000000,甜上心,應稅,0.0,綠,其他
OA_CENTRAL,ALL,2004060,一般員工,DL        ,ML7AM3,林孝勳,TC2,2023-08-09 21:27:48.000000,甜上心,應稅,0.0,綠,其他
OA_CENTRAL,ALL,1206877,一般員工,IDL       ,ML8AC1,蔡孟岑,TC2,2023-08-09 21:30:45.000000,甜上心,應稅,0.0,綠,其他
OA_CENTRAL,ALL,1010011,一般員工,DL        ,ML8AM2,林柏均,TC2,2023-08-09 21:41:28.000000,甜上心,希望水果盒,0.0,綠,其他
OA_CENTRAL,ALL,0201666,一般員工,DL        ,ML7BI2,吳光捷,TC2,2023-08-09 21:46:38.000000,甜上心,希望水果盒,0.0,綠,其他
OA_CENTRAL,ALL,1107032,一般員工,DL        ,ML8AM1,黃鈺婷,TC2,2023-08-09 22:01:26.000000,甜上心,花生培根起司熱壓吐司,0.0,綠,麵包
OA_CENTRAL,ALL,1306326,一般員工,DL        ,ML8AM1,陳威廷,TC2,2023-08-09 22:02:08.000000,甜上心,百頁豆腐- 155g,0.0,綠,麵包
OA_CENTRAL,ALL,0507134,一般員工,DL        ,ML8AM1,陳建瑋,TC2,2023-08-09 22:02:51.000000,甜上心,薯條- 200g,0.0,綠,麵包
OA_CENTRAL,ALL,0507134,一般員工,DL        ,ML8AM1,陳建瑋,TC2,2023-08-09 22:02:51.000000,甜上心,小熱狗＋薯條炒泡麵,0.0,綠,麵包
OA_CENTRAL,ALL,1406282,一般員工,DL        ,AESHF2,周克岳,TC2,2023-08-09 22:03:15.000000,甜上心,希望水果盒,0.0,綠,其他
OA_CENTRAL,ALL,1207524,一般員工,DL        ,ML5CM3,林素英,TC2,2023-08-09 22:05:43.000000,甜上心,應稅,0.0,綠,其他
OA_CENTRAL,ALL,1401125,一般員工,DL        ,EP01B3,卓羽珊,TC2,2023-08-09 22:06:10.000000,甜上心,希望水果盒,0.0,綠,其他
OA_CENTRAL,ALL,1605166,一般員工,DL        ,ML7AM1,葉昀津,TC2,2023-08-09 22:08:03.000000,甜上心,應稅,0.0,綠,其他
OA_CENTRAL,ALL,1404179,一般員工,DL        ,ML8AB2,張育彰,TC2,2023-08-09 22:08:16.000000,甜上心,應稅,0.0,綠,其他
OA_CENTRAL,ALL,1804205,外籍員工,DL        ,ML7BM1,杰貝倫,TC2,2023-08-09 22:09:22.000000,甜上心,應稅,0.0,綠,其他
OA_CENTRAL,ALL,1401072,一般員工,DL        ,ML7BI2,楊秋香,TC2,2023-08-09 22:09:39.000000,甜上心,應稅,0.0,綠,其他
OA_CENTRAL,ALL,1608301,一般員工,DL        ,ML7BM2,陳威宇,TC2,2023-08-09 22:09:46.000000,甜上心,應稅,0.0,綠,其他
OA_CENTRAL,ALL,1303279,一般員工,DL        ,EP01B3,林鳳彩,TC2,2023-08-09 22:09:52.000000,甜上心,應稅,0.0,綠,其他
OA_CENTRAL,ALL,0608136,一般員工,IDL       ,ML7AB1,楊千霆,TC2,2023-08-09 22:10:01.000000,甜上心,應稅,0.0,綠,其他
OA_CENTRAL,ALL,1103327,一般員工,DL        ,ML7BL1,曾文伯,TC2,2023-08-09 22:10:17.000000,甜上心,應稅,0.0,綠,其他
OA_CENTRAL,ALL,2308043,外籍員工,DL        ,ML7A00,佩蘭,TC2,2023-08-09 22:11:21.000000,甜上心,大甲芋泥肉鬆吐司+500cc果汁,0.0,綠,麵包
OA_CENTRAL,ALL,0604390,一般員工,DL        ,ML5CP2,蔡奇謀,TC2,2023-08-09 22:12:43.000000,甜上心,希望水果盒,0.0,綠,其他
OA_CENTRAL,ALL,1107031,一般員工,DL        ,ML8AM1,劉淑華,TC2,2023-08-09 22:13:02.000000,甜上心,希望水果盒,0.0,綠,其他
OA_CENTRAL,ALL,1601015,一般員工,IDL       ,ML5CB1,黃浩斌,TC2,2023-08-09 22:13:15.000000,甜上心,三種水果,0.0,綠,其他
OA_CENTRAL,ALL,0510427,一般員工,DL        ,ML7AL2,陳思婷,TC2,2023-08-09 22:13:26.000000,甜上心,乳酪綜合時蔬熱壓吐司,0.0,綠,麵包
OA_CENTRAL,ALL,1401009,一般員工,DL        ,EP01B3,江庭瑋,TC2,2023-08-09 22:13:35.000000,甜上心,希望水果盒,0.0,綠,其他
OA_CENTRAL,ALL,1505348,一般員工,DL        ,EP01B2,鄭筑庭,TC2,2023-08-09 22:13:41.000000,甜上心,希望水果盒,0.0,綠,其他
OA_CENTRAL,ALL,1506414,一般員工,DL        ,ML7AM1,張昭勛,TC2,2023-08-09 22:13:48.000000,甜上心,希望水果盒,0.0,綠,其他
OA_CENTRAL,ALL,1507504,一般員工,DL        ,EP01B3,莊佩穎,TC2,2023-08-09 22:13:56.000000,甜上心,希望水果盒,0.0,綠,其他
OA_CENTRAL,ALL,1011140,一般員工,DL        ,ML7BM2,王啟周,TC2,2023-08-09 22:14:54.000000,甜上心,乳酪綜合時蔬熱壓吐司+500cc果汁,0.0,綠,麵包
OA_CENTRAL,ALL,2112083,一般員工,DL        ,ML7AM1,范嘉純,TC2,2023-08-09 22:15:31.000000,甜上心,希望水果盒,0.0,綠,其他
OA_CENTRAL,ALL,0505160,一般員工,DL        ,ML5CB1,蘇柏勳,TC2,2023-08-09 22:16:14.000000,甜上心,小熱狗＋薯條炒泡麵,0.0,綠,麵包
OA_CENTRAL,ALL,1304245,一般員工,DL        ,ML7AL1,朱柏縉,TC2,2023-08-09 22:16:32.000000,甜上心,希望水果盒,0.0,綠,其他
OA_CENTRAL,ALL,0704185,一般員工,DL        ,ML7BM2,陳世源,TC2,2023-08-09 22:16:38.000000,甜上心,希望水果盒,0.0,綠,其他
OA_CENTRAL,ALL,2111054,一般員工,DL        ,ML7AM2,陳育萱,TC2,2023-08-09 22:16:48.000000,甜上心,希望水果盒,0.0,綠,其他
OA_CENTRAL,ALL,1205772,一般員工,IDL       ,ML5CP2,涂緒昌,TC2,2023-08-09 22:17:38.000000,甜上心,希望水果盒,0.0,綠,其他
OA_CENTRAL,ALL,0601295,一般員工,DL        ,ML5CM2,高泰凰,TC2,2023-08-09 22:21:31.000000,甜上心,應稅,0.0,綠,其他
OA_CENTRAL,ALL,0706350,一般員工,DL        ,ML7AN1,李岳修,TC2,2023-08-09 22:21:46.000000,甜上心,應稅,0.0,綠,其他
OA_CENTRAL,ALL,1303393,一般員工,DL        ,EP01B3,張程傑,TC2,2023-08-09 22:22:04.000000,甜上心,應稅,0.0,綠,其他
OA_CENTRAL,ALL,1702160,一般員工,DL        ,ML5CM1,楊筑涵,TC2,2023-08-09 22:22:16.000000,甜上心,應稅,0.0,綠,其他
OA_CENTRAL,ALL,1705051,一般員工,DL        ,ML5CN1,蘇建頴,TC2,2023-08-09 22:22:59.000000,甜上心,雞腿肉綜合炸物菲醬飯,0.0,綠,麵包
OA_CENTRAL,ALL,2009035,一般員工,DL        ,ML5CN1,粘錦祥,TC2,2023-08-09 22:24:27.000000,甜上心,應稅,0.0,綠,其他
OA_CENTRAL,ALL,1011038,一般員工,DL        ,ML7BL1,徐大博,TC2,2023-08-09 22:24:45.000000,甜上心,應稅,0.0,綠,其他
OA_CENTRAL,ALL,0508215,一般員工,DL        ,ML7BB1,廖御丞,TC2,2023-08-09 22:26:12.000000,甜上心,希望水果盒,0.0,綠,其他
OA_CENTRAL,ALL,1106407,一般員工,DL        ,ML5CL1,劉聖勤,TC2,2023-08-09 22:26:26.000000,甜上心,希望水果盒,0.0,綠,其他
OA_CENTRAL,ALL,1207894,一般員工,DL        ,ML5CL1,張雅惠,TC2,2023-08-09 22:26:36.000000,甜上心,希望水果盒,0.0,綠,其他
OA_CENTRAL,ALL,1306234,一般員工,DL        ,EP01B2,吳嫦娥,TC2,2023-08-09 22:27:06.000000,甜上心,希望水果盒,0.0,綠,其他
OA_CENTRAL,ALL,0504293,一般員工,DL        ,ML7BM2,柳嘉旻,TC2,2023-08-09 22:30:36.000000,甜上心,三種水果,0.0,綠,其他
OA_CENTRAL,ALL,1305100,一般員工,DL        ,ML7AT1,林琮勝,TC2,2023-08-09 22:32:08.000000,甜上心,應稅,0.0,綠,其他
OA_CENTRAL,ALL,1611058,一般員工,DL        ,ML7BL1,林苡萱,TC2,2023-08-09 22:33:54.000000,甜上心,應稅,0.0,綠,其他
OA_CENTRAL,ALL,1511054,外籍員工,DL        ,ML7AL2,阿妹,TC2,2023-08-09 22:34:20.000000,甜上心,應稅,0.0,綠,其他
OA_CENTRAL,ALL,2107177,一般員工,DL        ,ML7BH1,王樂群,TC2,2023-08-09 22:34:44.000000,甜上心,應稅,0.0,綠,其他
OA_CENTRAL,ALL,1203404,一般員工,DL        ,ML7AL2,黃明昌,TC2,2023-08-09 22:36:18.000000,甜上心,希望水果盒,0.0,綠,其他
OA_CENTRAL,ALL,1203404,一般員工,DL        ,ML7AL2,黃明昌,TC2,2023-08-09 22:36:18.000000,甜上心,應稅,0.0,綠,其他
OA_CENTRAL,ALL,0510648,一般員工,DL        ,ML7AT3,簡士益,TC2,2023-08-09 22:36:49.000000,甜上心,百頁豆腐- 155g,0.0,綠,麵包
OA_CENTRAL,ALL,0506411,一般員工,DL        ,ML7BL2,許榮弘,TC2,2023-08-09 22:37:05.000000,甜上心,大甲芋泥肉鬆吐司+500cc果汁,0.0,綠,麵包
OA_CENTRAL,ALL,1306654,一般員工,DL        ,ML7BL2,蔡進輝,TC2,2023-08-09 22:37:18.000000,甜上心,大甲芋泥肉鬆吐司+500cc果汁,0.0,綠,麵包
OA_CENTRAL,ALL,0101275,一般員工,DL        ,MQMDB2,曾竫雯,TC2,2023-08-09 22:38:56.000000,甜上心,應稅,0.0,綠,其他
OA_CENTRAL,ALL,1808078,外籍員工,DL        ,ML7AL2,杉多思,TC2,2023-08-09 22:39:36.000000,甜上心,希望水果盒,0.0,綠,其他
OA_CENTRAL,ALL,0510290,一般員工,DL        ,ML7AM2,賴俊吉,TC2,2023-08-09 22:40:12.000000,甜上心,希望水果盒,0.0,綠,其他
OA_CENTRAL,ALL,0604077,一般員工,DL        ,AMMBA3,陳瑞億,TC2,2023-08-09 22:40:16.000000,甜上心,大甲芋泥肉鬆吐司+500cc果汁,0.0,綠,麵包
OA_CENTRAL,ALL,1507352,外籍員工,DL        ,ML7AM2,波可,TC2,2023-08-09 22:40:34.000000,甜上心,希望水果盒,0.0,綠,其他
OA_CENTRAL,ALL,1203435,一般員工,DL        ,ML7BL1,鄭俊毅,TC2,2023-08-09 22:40:43.000000,甜上心,應稅,0.0,綠,其他
OA_CENTRAL,ALL,1702320,一般員工,DL        ,ML8AM3,許世宗,TC2,2023-08-09 22:40:59.000000,甜上心,希望水果盒,0.0,綠,其他
OA_CENTRAL,ALL,1512052,外籍員工,DL        ,ML5CB2,阿虛里,TC2,2023-08-09 22:41:20.000000,甜上心,莓好杯杯,0.0,綠,其他
OA_CENTRAL,ALL,1504040,外籍員工,DL        ,ML7AM2,亞伯特,TC2,2023-08-09 22:42:23.000000,甜上心,三種水果,0.0,綠,其他
OA_CENTRAL,ALL,1603049,外籍員工,DL        ,ML7BL1,馬克而,TC2,2023-08-09 22:43:05.000000,甜上心,大甲芋泥肉鬆吐司+500cc果汁,0.0,綠,麵包
OA_CENTRAL,ALL,1506420,一般員工,DL        ,ML8AC2,林姍姍,TC2,2023-08-09 22:43:21.000000,甜上心,希望水果盒,0.0,綠,其他
OA_CENTRAL,ALL,1505338,一般員工,DL        ,ML5CL1,何明駿,TC2,2023-08-09 22:44:58.000000,甜上心,希望水果盒,0.0,綠,其他
OA_CENTRAL,ALL,1104021,一般員工,DL        ,ML8AM1,王尹辰,TC2,2023-08-09 22:45:18.000000,甜上心,希望水果盒,0.0,綠,其他
OA_CENTRAL,ALL,1506271,外籍員工,DL        ,ML7AM2,諾曼,TC2,2023-08-09 22:47:14.000000,甜上心,應稅,0.0,綠,其他
OA_CENTRAL,ALL,1603167,一般員工,DL        ,ML7BL1,陳育鵬,TC2,2023-08-09 22:47:26.000000,甜上心,應稅,0.0,綠,其他
OA_CENTRAL,ALL,1710138,外籍員工,DL        ,ML7BI1,查芮,TC2,2023-08-09 22:50:11.000000,甜上心,百頁豆腐- 155g,0.0,綠,麵包
OA_CENTRAL,ALL,1710138,外籍員工,DL        ,ML7BI1,查芮,TC2,2023-08-09 22:50:11.000000,甜上心,希望水果盒,0.0,綠,其他
OA_CENTRAL,ALL,2101124,一般員工,DL        ,ML5CL1,蘇皓晨,TC2,2023-08-09 22:50:35.000000,甜上心,希望水果盒,0.0,綠,其他
OA_CENTRAL,ALL,1709066,一般員工,DL        ,ML7BL1,柯博薰,TC2,2023-08-09 22:50:48.000000,甜上心,希望水果盒,0.0,綠,其他
OA_CENTRAL,ALL,1107558,一般員工,DL        ,ML7BI2,容秀儀,TC2,2023-08-09 22:51:29.000000,甜上心,希望水果盒,0.0,綠,其他
OA_CENTRAL,ALL,1708159,外籍員工,DL        ,ML7BL1,塔帕理,TC2,2023-08-09 22:56:29.000000,甜上心,小熱狗＋薯條炒泡麵,0.0,綠,麵包
OA_CENTRAL,ALL,1708165,外籍員工,DL        ,ML7BL1,伊帝亞,TC2,2023-08-09 22:56:37.000000,甜上心,小熱狗＋薯條炒泡麵,0.0,綠,麵包
OA_CENTRAL,ALL,0507088,一般員工,DL        ,ML7AL2,施采琳,TC2,2023-08-09 22:57:30.000000,甜上心,希望水果盒,0.0,綠,其他
OA_CENTRAL,ALL,0602743,一般員工,DL        ,ML7BN2,彭柏樹,TC2,2023-08-09 23:01:17.000000,甜上心,希望水果盒,0.0,綠,其他
OA_CENTRAL,ALL,0405090,一般員工,DL        ,ML5CL2,黃柏蒼,TC2,2023-08-09 23:03:07.000000,甜上心,港式酥炸流沙奶黃芋泥吐司+500cc果汁,0.0,綠,麵包
OA_CENTRAL,ALL,0405090,一般員工,DL        ,ML5CL2,黃柏蒼,TC2,2023-08-09 23:03:07.000000,甜上心,地瓜牛奶 500ml,0.0,綠,其他
OA_CENTRAL,ALL,0604579,一般員工,DL        ,ML5CM2,巫慧芬,TC2,2023-08-09 23:03:59.000000,甜上心,小熱狗＋薯條炒泡麵,0.0,綠,麵包
OA_CENTRAL,ALL,1310313,一般員工,DL        ,ML8AM2,賴柏男,TC2,2023-08-09 23:06:16.000000,甜上心,希望水果盒,0.0,綠,其他
OA_CENTRAL,ALL,1411228,外籍員工,DL        ,ML7BM1,拉米,TC2,2023-08-09 23:06:29.000000,甜上心,大甲芋泥肉鬆吐司+500cc果汁,0.0,綠,麵包
OA_CENTRAL,ALL,1703276,外籍員工,DL        ,ML5CP2,索尼,TC2,2023-08-09 23:06:41.000000,甜上心,花生培根起司熱壓吐司+500cc果汁,0.0,綠,麵包
OA_CENTRAL,ALL,1711117,外籍員工,DL        ,ML7BM1,比迪多,TC2,2023-08-09 23:06:49.000000,甜上心,港式酥炸流沙奶黃芋泥吐司+500cc果汁,0.0,綠,麵包
OA_CENTRAL,ALL,1707272,外籍員工,DL        ,ML8AM2,艾迪歐,TC2,2023-08-09 23:08:32.000000,甜上心,希望水果盒,0.0,綠,其他
OA_CENTRAL,ALL,1407142,外籍員工,DL        ,ML7BM1,艾爾非,TC2,2023-08-09 23:08:45.000000,甜上心,希望水果盒,0.0,綠,其他
OA_CENTRAL,ALL,2205316,一般員工,DL        ,ML5CT1,鍾宜霖,TC2,2023-08-09 23:08:51.000000,甜上心,三種水果,0.0,綠,其他
OA_CENTRAL,ALL,1411224,外籍員工,DL        ,ML5CT1,阿馬,TC2,2023-08-09 23:09:54.000000,甜上心,希望水果盒,0.0,綠,其他
OA_CENTRAL,ALL,1703282,外籍員工,DL        ,ML5CT1,伊伯,TC2,2023-08-09 23:10:04.000000,甜上心,希望水果盒,0.0,綠,其他
OA_CENTRAL,ALL,0506598,一般員工,IDL       ,ML7AT1,呂正堯,TC2,2023-08-09 23:10:41.000000,甜上心,希望水果盒,0.0,綠,其他
OA_CENTRAL,ALL,1104522,一般員工,DL        ,ML5CL2,劉佳晏,TC2,2023-08-09 23:11:07.000000,甜上心,希望水果盒,0.0,綠,其他
OA_CENTRAL,ALL,2204233,外籍員工,DL        ,ML7BM2,羅娜貝,TC2,2023-08-09 23:12:00.000000,甜上心,三種水果,0.0,綠,其他
OA_CENTRAL,ALL,0607091,一般員工,DL        ,ML5CM1,林孟儒,TC2,2023-08-09 23:12:25.000000,甜上心,港式酥炸流沙奶黃芋泥吐司+500cc果汁,0.0,綠,麵包
OA_CENTRAL,ALL,2204234,外籍員工,DL        ,ML7BM2,喬安,TC2,2023-08-09 23:12:45.000000,甜上心,希望水果盒,0.0,綠,其他
OA_CENTRAL,ALL,1011103,一般員工,IDL       ,ML7AT1,何彥蓁,TC2,2023-08-09 23:14:09.000000,甜上心,希望水果盒,0.0,綠,其他
OA_CENTRAL,ALL,1108207,一般員工,DL        ,ML5CL2,楊宗富,TC2,2023-08-09 23:14:45.000000,甜上心,莓好杯杯,0.0,綠,其他
OA_CENTRAL,ALL,1710115,外籍員工,DL        ,ML7BL1,金尤蜜,TC2,2023-08-09 23:14:57.000000,甜上心,大甲芋泥肉鬆吐司+500cc果汁,0.0,綠,麵包
OA_CENTRAL,ALL,1406168,外籍員工,DL        ,ML7BL1,蕎西,TC2,2023-08-09 23:15:16.000000,甜上心,乳酪綜合時蔬熱壓吐司+500cc果汁,0.0,綠,麵包
OA_CENTRAL,ALL,1307503,一般員工,DL        ,EP01B3,邱曉琪,TC2,2023-08-09 23:15:27.000000,甜上心,希望水果盒,0.0,綠,其他
OA_CENTRAL,ALL,1703242,一般員工,DL        ,ML5CT1,郭家旗,TC2,2023-08-09 23:15:34.000000,甜上心,希望水果盒,0.0,綠,其他
OA_CENTRAL,ALL,1305350,一般員工,DL        ,ML7BT1,蔡政賢,TC2,2023-08-09 23:16:16.000000,甜上心,希望水果盒,0.0,綠,其他
OA_CENTRAL,ALL,1206164,一般員工,IDL       ,ML7BT1,陳東義,TC2,2023-08-09 23:16:41.000000,甜上心,希望水果盒,0.0,綠,其他
OA_CENTRAL,ALL,1806176,外籍員工,DL        ,ML7BM1,莫希,TC2,2023-08-09 23:17:38.000000,甜上心,希望水果盒,0.0,綠,其他
OA_CENTRAL,ALL,1304342,一般員工,DL        ,ML8AC3,林宗勝,TC2,2023-08-09 23:19:34.000000,甜上心,希望水果盒,0.0,綠,其他
OA_CENTRAL,ALL,2103199,一般員工,DL        ,ML8AC3,許泓鈞,TC2,2023-08-09 23:19:39.000000,甜上心,希望水果盒,0.0,綠,其他
OA_CENTRAL,ALL,1209216,一般員工,DL        ,ML7BL1,李佩蓉,TC2,2023-08-09 23:20:27.000000,甜上心,希望水果盒,0.0,綠,其他
OA_CENTRAL,ALL,0609129,一般員工,DL        ,ML7AC2,許展耀,TC2,2023-08-09 23:21:24.000000,甜上心,希望水果盒,0.0,綠,其他
OA_CENTRAL,ALL,1209304,一般員工,DL        ,ML7AT2,林宏璋,TC2,2023-08-09 23:21:44.000000,甜上心,應稅,0.0,綠,其他
OA_CENTRAL,ALL,1610258,一般員工,DL        ,ML8AM2,藍燿珹,TC2,2023-08-09 23:21:55.000000,甜上心,應稅,0.0,綠,其他
OA_CENTRAL,ALL,1804299,一般員工,DL        ,ML8AC2,賴俊利,TC2,2023-08-09 23:22:06.000000,甜上心,地瓜牛奶  700ml,0.0,綠,其他
OA_CENTRAL,ALL,0611270,一般員工,DL        ,AMMBA3,詹詠仁,TC2,2023-08-09 23:22:47.000000,甜上心,希望水果盒,0.0,綠,其他
OA_CENTRAL,ALL,1304184,一般員工,DL        ,EP01B1,陳健倫,TC2,2023-08-09 23:22:58.000000,甜上心,希望水果盒,0.0,綠,其他
OA_CENTRAL,ALL,2009059,一般員工,DL        ,ML7AN2,賴佑治,TC2,2023-08-09 23:23:17.000000,甜上心,希望水果盒,0.0,綠,其他
OA_CENTRAL,ALL,1302427,一般員工,DL        ,ML7BH2,陳子安,TC2,2023-08-09 23:28:15.000000,甜上心,希望水果盒,0.0,綠,其他
OA_CENTRAL,ALL,0403495,一般員工,DL        ,ML7AA1,郭明達,TC2,2023-08-09 23:30:36.000000,甜上心,希望水果盒,0.0,綠,其他
OA_CENTRAL,ALL,1605287,一般員工,DL        ,MEFAD2,黃禹程,TC2,2023-08-09 23:31:07.000000,甜上心,希望水果盒,0.0,綠,其他
OA_CENTRAL,ALL,1805175,一般員工,DL        ,ML5CL2,黃冠中,TC2,2023-08-09 23:31:51.000000,甜上心,港式酥炸流沙奶黃芋泥吐司+500cc果汁,0.0,綠,麵包
OA_CENTRAL,ALL,1111077,一般員工,DL        ,ML7AM2,莊勝勛,TC2,2023-08-09 23:32:06.000000,甜上心,希望水果盒,0.0,綠,其他
OA_CENTRAL,ALL,1309240,一般員工,DL        ,ML7AL1,葉珮儀,TC2,2023-08-09 23:32:30.000000,甜上心,應稅,0.0,綠,其他
OA_CENTRAL,ALL,0711231,一般員工,DL        ,ML7AH2,陳清池,TC2,2023-08-09 23:36:03.000000,甜上心,應稅,0.0,綠,其他
OA_CENTRAL,ALL,1307332,一般員工,DL        ,ML7AL2,姜怡韜,TC2,2023-08-09 23:36:37.000000,甜上心,應稅,0.0,綠,其他
OA_CENTRAL,ALL,0603057,一般員工,DL        ,ML5CL2,施宗明,TC2,2023-08-09 23:37:30.000000,甜上心,應稅,0.0,綠,其他
OA_CENTRAL,ALL,0708238,一般員工,DL        ,ML7BM2,林偉進,TC2,2023-08-09 23:38:30.000000,甜上心,應稅,0.0,綠,其他
OA_CENTRAL,ALL,1107025,一般員工,DL        ,ML7BM2,李皇毅,TC2,2023-08-09 23:38:42.000000,甜上心,應稅,0.0,綠,其他
OA_CENTRAL,ALL,2206009,外籍員工,DL        ,ML7AM1,義芭妮絲,TC2,2023-08-09 23:39:02.000000,甜上心,應稅,0.0,綠,其他
OA_CENTRAL,ALL,2203163,外籍員工,DL        ,ML7BL1,凱蕎,TC2,2023-08-09 23:39:23.000000,甜上心,應稅,0.0,綠,其他
OA_CENTRAL,ALL,2204222,一般員工,DL        ,ML5CP2,張家楹,TC2,2023-08-09 23:39:31.000000,甜上心,應稅,0.0,綠,其他
OA_CENTRAL,ALL,1507285,外籍員工,DL        ,ML7BL1,捷亞,TC2,2023-08-09 23:39:58.000000,甜上心,應稅,0.0,綠,其他
OA_CENTRAL,ALL,1206086,一般員工,DL        ,ML7BC2,戴汎丞,TC2,2023-08-09 23:41:48.000000,甜上心,應稅,0.0,綠,其他
OA_CENTRAL,ALL,1803157,一般員工,DL        ,ML5CM1,王玟霖,TC2,2023-08-09 23:44:42.000000,甜上心,應稅,0.0,綠,其他
OA_CENTRAL,ALL,0602441,一般員工,DL        ,ML7BH2,盧冠榮,TC2,2023-08-09 23:45:17.000000,甜上心,應稅,0.0,綠,其他
OA_CENTRAL,ALL,0706149,一般員工,DL        ,ML7BC2,張國洋,TC2,2023-08-09 23:47:11.000000,甜上心,應稅,0.0,綠,其他
OA_CENTRAL,ALL,0706149,一般員工,DL        ,ML7BC2,張國洋,TC2,2023-08-09 23:47:22.000000,甜上心,應稅,0.0,綠,其他
OA_CENTRAL,ALL,1610052,一般員工,DL        ,ML8AE4,郭嘉達,TC2,2023-08-09 23:47:30.000000,甜上心,應稅,0.0,綠,其他
OA_CENTRAL,ALL,1707103,一般員工,DL        ,ML8AE4,陳彥丞,TC2,2023-08-09 23:47:43.000000,甜上心,應稅,0.0,綠,其他
OA_CENTRAL,ALL,1206056,一般員工,DL        ,ML7AM1,江子晴,TC2,2023-08-09 23:49:48.000000,甜上心,希望水果盒,0.0,綠,其他
OA_CENTRAL,ALL,1106510,一般員工,DL        ,ML5CL1,林資樺,TC2,2023-08-09 23:50:11.000000,甜上心,百頁豆腐- 155g,0.0,綠,麵包
OA_CENTRAL,ALL,1209242,一般員工,DL        ,ML7BC2,張文昌,TC2,2023-08-09 23:50:43.000000,甜上心,大甲芋泥肉鬆吐司+500cc果汁,0.0,綠,麵包
OA_CENTRAL,ALL,0506350,一般員工,DL        ,MEFAD1,黃鈺程,TC2,2023-08-09 23:53:57.000000,甜上心,應稅,0.0,綠,其他
OA_CENTRAL,ALL,1505357,一般員工,DL        ,ML7BL1,邱伯勳,TC2,2023-08-09 23:54:12.000000,甜上心,應稅,0.0,綠,其他
OA_CENTRAL,ALL,0528213,一般員工,DL        ,ML7BM1,曾子玲,TC2,2023-08-09 23:54:20.000000,甜上心,應稅,0.0,綠,其他
OA_CENTRAL,ALL,0403038,一般員工,DL        ,ML8AE3,簡育槤,TC2,2023-08-09 23:54:37.000000,甜上心,應稅,0.0,綠,其他
OA_CENTRAL,ALL,1709177,外籍員工,DL        ,ML8AM2,里司伯,TC2,2023-08-09 23:57:51.000000,甜上心,應稅,0.0,綠,其他
OA_CENTRAL,ALL,1202171,一般員工,DL        ,ML7BL1,黃婉婷,TC2,2023-08-10 00:00:54.000000,甜上心,應稅,0.0,綠,其他
OA_CENTRAL,ALL,0606201,一般員工,DL        ,ML5CN1,林隆傑,TC2,2023-08-10 00:01:41.000000,甜上心,應稅,0.0,綠,其他
OA_CENTRAL,ALL,1210167,一般員工,DL        ,ML7BC2,楊文隆,TC2,2023-08-10 00:03:19.000000,甜上心,應稅,0.0,綠,其他
OA_CENTRAL,ALL,0507849,一般員工,DL        ,ML8AM1,曾彗婷,TC2,2023-08-10 00:03:30.000000,甜上心,應稅,0.0,綠,其他
OA_CENTRAL,ALL,1204426,一般員工,DL        ,ML7BL1,張志豪,TC2,2023-08-10 00:05:18.000000,甜上心,應稅,0.0,綠,其他
OA_CENTRAL,ALL,1209246,一般員工,DL        ,ML5CL2,丁修訓,TC2,2023-08-10 00:07:47.000000,甜上心,應稅,0.0,綠,其他
OA_CENTRAL,ALL,1211253,一般員工,DL        ,ML5CL1,張永昌,TC2,2023-08-10 00:09:48.000000,甜上心,應稅,0.0,綠,其他
OA_CENTRAL,ALL,1308485,一般員工,DL        ,ML7BL1,何東益,TC2,2023-08-10 00:09:59.000000,甜上心,應稅,0.0,綠,其他
OA_CENTRAL,ALL,1107510,一般員工,DL        ,ML5CL1,郭錚雯,TC2,2023-08-10 00:10:08.000000,甜上心,應稅,0.0,綠,其他
OA_CENTRAL,ALL,1703321,外籍員工,DL        ,ML7BL1,奇哥,TC2,2023-08-10 00:13:28.000000,甜上心,應稅,0.0,綠,其他
OA_CENTRAL,ALL,2205201,外籍員工,DL        ,ML7BL1,雷西,TC2,2023-08-10 00:14:05.000000,甜上心,應稅,0.0,綠,其他
OA_CENTRAL,ALL,0506468,一般員工,DL        ,ML8AM1,李光明,TC2,2023-08-10 00:14:15.000000,甜上心,應稅,0.0,綠,其他
OA_CENTRAL,ALL,1304679,一般員工,DL        ,ML8AM1,劉欣蕙,TC2,2023-08-10 00:17:05.000000,甜上心,應稅,0.0,綠,其他
OA_CENTRAL,ALL,1112072,一般員工,DL        ,ML7AB2,石承翰,TC2,2023-08-10 00:19:41.000000,甜上心,應稅,0.0,綠,其他
OA_CENTRAL,ALL,0806058,一般員工,DL        ,ML7BB2,駱健瑋,TC2,2023-08-10 00:20:07.000000,甜上心,應稅,0.0,綠,其他
OA_CENTRAL,ALL,1203257,一般員工,DL        ,ML7BM1,林美均,TC2,2023-08-10 00:22:09.000000,甜上心,應稅,0.0,綠,其他
OA_CENTRAL,ALL,0707243,一般員工,DL        ,ML7BM1,許雅嵐,TC2,2023-08-10 00:22:18.000000,甜上心,應稅,0.0,綠,其他
OA_CENTRAL,ALL,1206195,一般員工,DL        ,ML7AL2,黃東創,TC2,2023-08-10 00:23:05.000000,甜上心,應稅,0.0,綠,其他
OA_CENTRAL,ALL,1710089,一般員工,DL        ,ML7AC2,王得嘉,TC2,2023-08-10 00:29:24.000000,甜上心,應稅,0.0,綠,其他
OA_CENTRAL,ALL,1106511,一般員工,DL        ,ML5CL1,楊弘安,TC2,2023-08-10 00:29:43.000000,甜上心,應稅,0.0,綠,其他
OA_CENTRAL,ALL,2201060,一般員工,DL        ,ML7AI4,劉建良,TC2,2023-08-10 00:29:52.000000,甜上心,應稅,0.0,綠,其他
OA_CENTRAL,ALL,1308482,一般員工,DL        ,ML7AH1,鍾佳霖,TC2,2023-08-10 00:31:35.000000,甜上心,應稅,0.0,綠,其他
OA_CENTRAL,ALL,0503252,一般員工,DL        ,ML7BL1,魏志宏,TC2,2023-08-10 00:36:15.000000,甜上心,應稅,0.0,綠,其他
OA_CENTRAL,ALL,1705056,一般員工,DL        ,ML7AM1,江倍祈,TC2,2023-08-10 00:38:31.000000,甜上心,應稅,0.0,綠,其他
OA_CENTRAL,ALL,1206060,一般員工,DL        ,ML5CH1,陳致宇,TC2,2023-08-10 00:40:08.000000,甜上心,應稅,0.0,綠,其他
OA_CENTRAL,ALL,1707075,一般員工,DL        ,ML7BL1,童琨珺,TC2,2023-08-10 00:41:08.000000,甜上心,應稅,0.0,綠,其他
OA_CENTRAL,ALL,1407059,一般員工,DL        ,ML7BB2,黃柏盛,TC2,2023-08-10 00:43:32.000000,甜上心,應稅,0.0,綠,其他
OA_CENTRAL,ALL,0601368,一般員工,IDL       ,ML7AP2,廖財興,TC2,2023-08-10 00:43:54.000000,甜上心,應稅,0.0,綠,其他
OA_CENTRAL,ALL,1805003,外籍員工,DL        ,ML7AM1,潔荷,TC2,2023-08-10 00:44:22.000000,甜上心,應稅,0.0,綠,其他
OA_CENTRAL,ALL,0606095,一般員工,DL        ,ML5CC1,柯曉婷,TC2,2023-08-10 00:47:13.000000,甜上心,應稅,0.0,綠,其他
OA_CENTRAL,ALL,1309521,一般員工,DL        ,ML5CC2,謝亞均,TC2,2023-08-10 00:47:30.000000,甜上心,應稅,0.0,綠,其他
OA_CENTRAL,ALL,1207078,一般員工,DL        ,ML5CC2,余承憲,TC2,2023-08-10 00:47:44.000000,甜上心,應稅,0.0,綠,其他
OA_CENTRAL,ALL,1010066,一般員工,DL        ,ML5CM2,陳偉益,TC2,2023-08-10 00:49:17.000000,甜上心,應稅,0.0,綠,其他
OA_CENTRAL,ALL,1706296,一般員工,DL        ,ML7BI1,劉佳宜,TC2,2023-08-10 00:50:03.000000,甜上心,應稅,0.0,綠,其他
OA_CENTRAL,ALL,1706296,一般員工,DL        ,ML7BI1,劉佳宜,TC2,2023-08-10 00:50:03.000000,甜上心,應稅,0.0,綠,其他
OA_CENTRAL,ALL,2203165,外籍員工,DL        ,ML7BM2,比瑪芮,TC2,2023-08-10 00:51:08.000000,甜上心,希望水果盒,0.0,綠,其他
OA_CENTRAL,ALL,9908300,一般員工,DL        ,ML5CL1,林靜怡,TC2,2023-08-10 00:57:05.000000,甜上心,小熱狗＋薯條炒泡麵,0.0,綠,麵包
OA_CENTRAL,ALL,1204059,一般員工,DL        ,ML7AL2,李佩珊,TC2,2023-08-10 00:59:06.000000,甜上心,應稅,0.0,綠,其他
OA_CENTRAL,ALL,1311056,一般員工,DL        ,ML8AM1,洪沛珏,TC2,2023-08-10 01:01:25.000000,甜上心,應稅,0.0,綠,其他
OA_CENTRAL,ALL,0505162,一般員工,DL        ,ML8AM2,陳文楨,TC2,2023-08-10 01:03:14.000000,甜上心,應稅,0.0,綠,其他
OA_CENTRAL,ALL,2204167,外籍員工,DL        ,ML7BM2,伊洛沙,TC2,2023-08-10 01:03:34.000000,甜上心,應稅,0.0,綠,其他
OA_CENTRAL,ALL,0507465,一般員工,DL        ,ML7BC1,黃志霖,TC2,2023-08-10 01:04:37.000000,甜上心,應稅,0.0,綠,其他
OA_CENTRAL,ALL,1707009,一般員工,DL        ,ML5CP1,陳仕倫,TC2,2023-08-10 01:08:31.000000,甜上心,應稅,0.0,綠,其他
OA_CENTRAL,ALL,2105188,一般員工,DL        ,ML7AM2,陳有容,TC2,2023-08-10 01:14:42.000000,甜上心,希望水果盒,0.0,綠,其他
OA_CENTRAL,ALL,1706072,一般員工,DL        ,ML8AB2,黃柏元,TC2,2023-08-10 01:15:53.000000,甜上心,希望水果盒,0.0,綠,其他
OA_CENTRAL,ALL,1605260,一般員工,DL        ,ML7BL1,李翊緁,TC2,2023-08-10 01:17:03.000000,甜上心,希望水果盒,0.0,綠,其他
OA_CENTRAL,ALL,1306429,一般員工,DL        ,ML7AM2,曾彥婷,TC2,2023-08-10 01:22:08.000000,甜上心,小熱狗＋薯條炒泡麵,0.0,綠,麵包
OA_CENTRAL,ALL,0201753,一般員工,DL        ,ML5CL2,洪錦雲,TC2,2023-08-10 01:23:32.000000,甜上心,百頁豆腐- 155g,0.0,綠,麵包
OA_CENTRAL,ALL,1510069,外籍員工,DL        ,ML7AM1,羅珊,TC2,2023-08-10 01:29:13.000000,甜上心,希望水果盒,0.0,綠,其他
