{
  "comment": "出入口人流計算區, 畸變校正後圖片尺寸 (2160*2160), 單出入口的 exit 範圍隨便設定",
  "entry": {
    "camID": "1",
    "area": [
      [650, 730],
      [1800, 1550]
    ],
    "lines": [
      [[750, 730], [750, 1450], 1],
      [[750, 1450], [1700, 1450], 1],
      [[1700, 730], [1700, 1450], -1]
    ]
  },
  "exit": {
    "camID": "3_1",
    "area": [
      [450, 979],
      [1600, 1490]
    ],
    "lines": [[[450, 1290], [1600, 1290], -1]]
  },
  "maxSize": 999
}
